Book Id,Title,Author,Author l-f,Additional Authors,ISBN,ISBN13,My Rating,Average Rating,Publisher,Binding,Number of Pages,Year Published,Original Publication Year,Date Read,Date Added,Bookshelves,Bookshelves with positions,Exclusive Shelf,My Review,Spoiler,Private Notes,Read Count,Recommended For,Recommended By,Owned Copies,Original Purchase Date,Original Purchase Location,Condition,Condition Description,BCID
29434,Self-Made Man: One Woman's Journey Into Manhood and Back Again,Norah Vincent,"Vincent, Norah",,"=""0670034665""","=""9780670034666""",0,3.32,Viking Books,Hardcover,290,2006,2006,,2019/10/25,to-read,to-read (#69),to-read,,,,0,,,0,,,,,
1202,Freakonomics: A Rogue Economist Explores the Hidden Side of Everything,Steven D. Levitt,"Levitt, Steven D.",Stephen J. Dubner,"=""0061234001""","=""9780061234002""",5,3.96,William Morrow,Hardcover,320,2006,2005,2019/09/22,2019/05/29,"audiobooks, sagil","audiobooks (#24), sagil (#9)",read,,,,1,,,0,,,,,
9361589,The Night Circus,Erin Morgenstern,"Morgenstern, Erin",,"=""0385534639""","=""9780385534635""",5,4.04,Doubleday,Hardcover,391,2011,2011,2018/02/28,2018/01/13,sagil,sagil (#4),read,,,,2,,,0,,,,,
6,"Harry Potter and the Goblet of Fire (Harry Potter, #4)",J.K. Rowling,"Rowling, J.K.",Mary GrandPré,"=""""","=""""",0,4.55,Scholastic,Paperback,734,2002,2000,2019/09/10,2019/08/28,,,read,,,,1,,,0,,,,,
5,"Harry Potter and the Prisoner of Azkaban (Harry Potter, #3)",J.K. Rowling,"Rowling, J.K.",Mary GrandPré,"=""043965548X""","=""9780439655484""",0,4.56,Scholastic Inc.,Mass Market Paperback,435,2004,1999,2019/08/28,2019/08/21,,,read,,,,1,,,0,,,,,
629,Zen and the Art of Motorcycle Maintenance: An Inquiry Into Values,Robert M. Pirsig,"Pirsig, Robert M.",,"=""0060589469""","=""9780060589462""",0,3.77,HarperTorch,Mass Market Paperback,540,2006,1974,,2019/08/22,to-read,to-read (#68),to-read,,,,0,,,0,,,,,
15881,"Harry Potter and the Chamber of Secrets (Harry Potter, #2)",J.K. Rowling,"Rowling, J.K.",Mary GrandPré,"=""0439064864""","=""9780439064866""",0,4.41,Arthur A. Levine Books / Scholastic Inc.,Hardcover,341,1999,1998,2019/08/21,2019/08/17,,,read,,,,1,,,0,,,,,
3,"Harry Potter and the Sorcerer's Stone (Harry Potter, #1)",J.K. Rowling,"Rowling, J.K.",Mary GrandPré,"=""""","=""""",0,4.47,Scholastic Inc,Hardcover,322,1997,1997,2019/08/17,2019/08/15,,,read,,,,1,,,0,,,,,
23281639,"The Upside of Stress: Why Stress Is Good for You, and How to Get Good at It",Kelly McGonigal,"McGonigal, Kelly",,"=""1583335617""","=""9781583335611""",4,4.20,Avery,Hardcover,294,2015,2012,2019/05/24,2019/01/14,audiobooks,audiobooks (#28),read,,,,1,,,0,,,,,
40554115,The Gendered Brain: The New Neuroscience That Shatters the Myth of the Female Brain,Gina Rippon,"Rippon, Gina",,"=""184792476X""","=""9781847924766""",4,3.92,Bodley Head,Paperback,448,2019,2019,2019/04/05,2019/03/07,audiobooks,audiobooks (#27),read,,,,1,,,0,,,,,
38820046,21 Lessons for the 21st Century,Yuval Noah Harari,"Harari, Yuval Noah",,"=""0525512179""","=""9780525512172""",0,4.19,Spiegel & Grau,Hardcover,372,2018,2018,2019/07/02,2019/05/24,audiobooks,audiobooks (#26),read,,,,1,,,0,,,,,
25614523,Originals: How Non-Conformists Move the World,Adam M. Grant,"Grant, Adam M.",,"=""0525429565""","=""9780525429562""",0,3.97,Viking,Hardcover,326,2016,2016,,2019/07/02,"currently-reading, audiobooks","currently-reading (#4), audiobooks (#25)",currently-reading,,,,1,,,0,,,,,
41104077,Invisible Women: Data Bias in a World Designed for Men,Caroline Criado-Pérez,"Criado-Pérez, Caroline",,"=""1419729071""","=""9781419729072""",0,4.47,Harry N. Abrams,Hardcover,272,2019,2019,,2019/04/25,currently-reading,currently-reading (#5),currently-reading,,,,1,,,0,,,,,
10534,The Art of War,Sun Tzu,"Tzu, Sun",Thomas Cleary,"=""1590302257""","=""9781590302255""",0,3.97,Shambhala,Paperback,273,2005,-500,,2019/06/12,to-read,to-read (#67),to-read,,,,0,,,0,,,,,
4806,Longitude: The True Story of a Lone Genius Who Solved the Greatest Scientific Problem of His Time,Dava Sobel,"Sobel, Dava",Neil Armstrong,"=""0802714625""","=""9780802714626""",0,3.96,Walker Books,Hardcover,192,2005,1995,,2019/06/06,to-read,to-read (#66),to-read,,,,0,,,0,,,,,
45440270,The Mystery of Alice,Lee Bacon,"Bacon, Lee","Bryan Kennedy, Jessica Almasy, Josh Hurley, Cassandra Morris, Libby McKnight, Emily Bauer, Michael Crouch","=""""","=""""",1,3.32,Audible Studios,Audible Audio,6,2019,2019,2019/06/06,2019/06/04,,,read,,,,1,,,0,,,,,
35069558,"This Idea Is Brilliant: Lost, Overlooked, and Underappreciated Scientific Concepts Everyone Should Know",John Brockman,"Brockman, John",,"=""0062698214""","=""9780062698216""",0,3.87,Harper Perennial,Paperback,515,2018,,,2019/05/31,to-read,to-read (#65),to-read,,,,0,,,0,,,,,
10127019,The Lean Startup: How Today's Entrepreneurs Use Continuous Innovation to Create Radically Successful Businesses,Eric Ries,"Ries, Eric",,"=""0307887898""","=""9780307887894""",5,4.08,Currency,Hardcover,299,2011,2011,2019/05/25,2018/03/21,,,read,,,,1,,,0,,,,,
26195941,The Age of Surveillance Capitalism: The Fight for a Human Future at the New Frontier of Power,Shoshana Zuboff,"Zuboff, Shoshana",,"=""1610395697""","=""9781610395694""",0,4.10,PublicAffairs,Hardcover,704,2019,2018,,2019/05/22,to-read,to-read (#64),to-read,,,,0,,,0,,,,,
17465515,"The Story of a New Name (The Neapolitan Novels, #2)",Elena Ferrante,"Ferrante, Elena",Ann Goldstein,"=""1609451341""","=""9781609451349""",0,4.37,Europa Editions,Paperback,471,2013,2012,,2019/05/11,currently-reading,currently-reading (#3),currently-reading,,,,1,,,0,,,,,
30051599,گچ و چای سردشده,آتوسا افشین نوید,"نوید, آتوسا افشین",,"=""""","=""9786002294746""",0,3.46,چشمه,Paperback,98,2016,,2019/05/01,2019/05/01,,,read,,,,1,,,0,,,,,
17164630,Three Things You Need to Know About Rockets: A Real-Life Scottish Fairy Tale,Jessica A. Fox,"Fox, Jessica A.",,"=""1476730253""","=""9781476730257""",0,3.27,Atria Books/Marble Arch Press,Paperback,384,2013,2012,,2019/04/20,currently-reading,currently-reading (#2),currently-reading,,,,1,,,0,,,,,
35036409,"My Brilliant Friend (The Neapolitan Novels, #1)",Elena Ferrante,"Ferrante, Elena",Ann Goldstein,"=""""","=""""",4,3.94,Penguin Random House ,Paperback,331,2012,2011,2019/04/17,2019/03/16,,,read,,,,1,,,0,,,,,
17125547,Three Things You Need to Know about Rockets,Jessica A. Fox,"Fox, Jessica A.",,"=""178072036X""","=""9781780720364""",0,3.27,Short Books,Paperback,377,2013,2012,,2019/04/10,to-read,to-read (#63),to-read,,,,0,,,0,,,,,
37539457,Normal People,Sally Rooney,"Rooney, Sally",,"=""0571334644""","=""9780571334643""",0,3.91,Faber & Faber,Hardcover,266,2018,2018,,2019/04/10,to-read,to-read (#62),to-read,,,,0,,,0,,,,,
5947099,Memories of My Melancholy Whores,Gabriel García Márquez,"Márquez, Gabriel García",Edith Grossman,"=""1400095948""","=""9781400095940""",3,3.59,Vintage,Paperback,115,2006,2004,,2013/01/17,,,read,,,,1,,,0,,,,,
18521,A Room of One's Own,Virginia Woolf,"Woolf, Virginia",,"=""0141183535""","=""9780141183534""",0,4.14,Penguin Books,Paperback,112,2000,1929,,2019/03/24,to-read,to-read (#61),to-read,,,,0,,,0,,,,,
25261421,شاهنامه,Abolqasem Ferdowsi,"Ferdowsi, Abolqasem",جلال خالقی مطلق,"=""""","=""9789643727017""",0,4.52,سخن,Hardcover,995,2015,1010,,2019/03/21,currently-reading,currently-reading (#1),currently-reading,,,,1,,,0,,,,,
6443834,"1Q84 (1Q84, #1)",Haruki Murakami,"Murakami, Haruki",村上 春樹,"=""4103534222""","=""9784103534228""",0,3.99,Shinchosha/Tsai Fong Books,Paperback,554,2009,2009,,2019/03/13,abandoned,abandoned (#3),abandoned,,,,0,,,0,,,,,
22738563,We Should All Be Feminists,Chimamanda Ngozi Adichie,"Adichie, Chimamanda Ngozi",,"=""""","=""""",0,4.45,Vintage,Kindle Edition,52,2014,2014,,2019/03/14,to-read,to-read (#60),to-read,,,,0,,,0,,,,,
7604,Lolita,Vladimir Nabokov,"Nabokov, Vladimir",Craig Raine,"=""""","=""""",0,3.89,Penguin,Paperback,331,1995,1955,,2019/03/13,abandoned,abandoned (#2),abandoned,,,,0,,,0,,,,,
12158480,"Why Nations Fail: The Origins of Power, Prosperity, and Poverty",Daron Acemoğlu,"Acemoğlu, Daron",James A. Robinson,"=""0307719219""","=""9780307719218""",0,4.05,Crown Business,Hardcover,544,2012,2012,,2019/03/11,"audiobooks, abandoned","audiobooks (#23), abandoned (#1)",abandoned,,,,0,,,0,,,,,
28116739,"Other Minds: The Octopus, the Sea, and the Deep Origins of Consciousness",Peter Godfrey-Smith,"Godfrey-Smith, Peter",,"=""0374227764""","=""9780374227760""",2,3.85,"Farrar, Straus and Giroux",Hardcover,257,2016,2016,2018/04/13,2018/01/01,audiobooks,audiobooks (#22),read,,,,1,,,0,,,,,
17290,What Einstein Told His Cook: Kitchen Science Explained,Robert L. Wolke,"Wolke, Robert L.",Marlene Parrish,"=""0393011836""","=""9780393011838""",2,3.86,W. W. Norton  Company,Hardcover,320,2002,2002,2014/01/06,2013/11/05,audiobooks,audiobooks (#21),read,,,,1,,,0,,,,,
9357703,Signs and Symbols (Stories of Vladimir Nabokov),Vladimir Nabokov,"Nabokov, Vladimir",,"=""""","=""""",3,3.92,,Collection,16,,1948,2016/01/15,2016/01/15,audiobooks,audiobooks (#20),read,,,,1,,,0,,,,,
24817626,"Go Set a Watchman (To Kill a Mockingbird, #2)",Harper Lee,"Lee, Harper",,"=""0062409859""","=""9780062409850""",3,3.31,HarperCollins,Hardcover,278,2015,2015,2016/09/01,2016/08/11,audiobooks,audiobooks (#19),read,,,,1,,,0,,,,,
26192990,The Penguin Lessons,Tom Michell,"Michell, Tom",,"=""0718181638""","=""9780718181635""",3,4.07,Michael Joseph,Hardcover,229,2015,2015,2016/03/23,2016/01/05,audiobooks,audiobooks (#18),read,,,,1,,,0,,,,,
7603,Reading Lolita in Tehran: A Memoir in Books,Azar Nafisi,"Nafisi, Azar",,"=""081297106X""","=""9780812971064""",3,3.60,Random House Trade Paperbacks,Paperback,356,2003,2003,2016/05/18,2016/05/09,audiobooks,audiobooks (#17),read,,,,1,,,0,,,,,
8031168,"Delusions of Gender: How Our Minds, Society, and Neurosexism Create Difference",Cordelia Fine,"Fine, Cordelia",,"=""0393068382""","=""9780393068382""",3,4.15,W.W. Norton & Company,Hardcover,338,2010,2005,2018/02/12,2018/01/10,audiobooks,audiobooks (#16),read,,,,1,,,0,,,,,
6493208,The Immortal Life of Henrietta Lacks,Rebecca Skloot,"Skloot, Rebecca",,"=""1400052173""","=""9781400052172""",3,4.06,Crown Publishing Group,Hardcover,370,2010,2010,2013/09/23,2013/08/18,audiobooks,audiobooks (#15),read,,,,1,,,0,,,,,
18484020,Pippi Långstrump,Astrid Lindgren,"Lindgren, Astrid",,"=""9198119230""","=""9789198119237""",4,4.12,Astrid Lindgren/Saltkråkan AB,Audiobook,,2013,1945,2014/12/01,2014/09/24,audiobooks,audiobooks (#14),read,,,,1,,,0,,,,,
40109367,Dare to Lead: Brave Work. Tough Conversations. Whole Hearts.,Brené Brown,"Brown, Brené",,"=""147356252X""","=""9781473562523""",4,4.18,Ebury Digital,ebook,332,2018,2018,2019/02/18,2018/12/15,audiobooks,audiobooks (#13),read,,,,1,,,0,,,,,
2108198,Odd and the Frost Giants,Neil Gaiman,"Gaiman, Neil",Mark Buckingham,"=""0747595380""","=""9780747595380""",4,3.98,Bloomsbury Publishing PLC,Paperback,97,2008,2008,,2018/11/11,sagil,sagil (#8),read,,,,1,,,0,,,,,
37976541,Bad Blood: Secrets and Lies in a Silicon Valley Startup,John Carreyrou,"Carreyrou, John",,"=""152473165X""","=""9781524731656""",4,4.46,Knopf Publishing Group,Hardcover,339,2018,2018,2019/03/05,2019/01/23,audiobooks,audiobooks (#12),read,,,,1,,,0,,,,,
2213661,The Graveyard Book,Neil Gaiman,"Gaiman, Neil",Dave McKean,"=""0060530928""","=""9780060530921""",4,4.13,HarperCollins,Hardcover,307,2008,2008,2018/05/28,2018/05/21,sagil,sagil (#7),read,,,,1,,,0,,,,,
36341728,Lost in Math: How Beauty Leads Physics Astray,Sabine Hossenfelder,"Hossenfelder, Sabine",,"=""0465094252""","=""9780465094257""",4,4.05,Hachette,Hardcover,291,2018,2018,2019/03/01,2018/12/05,audiobooks,audiobooks (#11),read,,,,1,,,0,,,,,
37903770,Norse Mythology,Neil Gaiman,"Gaiman, Neil",,"=""""","=""""",4,4.09,W. W. Norton & Company,Paperback,301,2018,2017,2018/12/12,2018/12/05,audiobooks,audiobooks (#10),read,,,,1,,,0,,,,,
26030711,"Rise of the Rocket Girls: The Women Who Propelled Us, from Missiles to the Moon to Mars",Nathalia Holt,"Holt, Nathalia",,"=""0316338923""","=""9780316338929""",4,3.88,"Little, Brown and Company",Hardcover,338,2016,2016,2016/10/07,2016/09/21,audiobooks,audiobooks (#9),read,,,,1,,,0,,,,,
5129,Brave New World,Aldous Huxley,"Huxley, Aldous",,"=""0060929871""","=""9780060929879""",4,3.98,HarperPerennial / Perennial Classics,Paperback,288,1998,1932,2016/03/28,2016/03/28,audiobooks,audiobooks (#8),read,,,,1,,,0,,,,,
2657,"To Kill a Mockingbird (To Kill a Mockingbird, #1)",Harper Lee,"Lee, Harper",,"=""""","=""""",4,4.27,Harper Perennial Modern Classics,Paperback,324,2006,1960,2016/08/11,2016/05/09,audiobooks,audiobooks (#7),read,,,,1,,,0,,,,,
149059,A Fall of Moondust,Arthur C. Clarke,"Clarke, Arthur C.",,"=""0575073179""","=""9780575073173""",4,3.89,Gollancz,Paperback,224,2002,1961,2014/03/13,2014/02/27,audiobooks,audiobooks (#6),read,,,,1,,,0,,,,,
30103657,Resistance is Futile,Jenny T. Colgan,"Colgan, Jenny T.",,"=""0356505405""","=""9780356505404""",4,3.17,Orbit,Paperback,343,2016,2015,2018/02/03,2018/01/20,sagil,sagil (#6),read,,,,1,,,0,,,,,
156784,Permutation City (Subjective Cosmology #2),Greg Egan,"Egan, Greg",,"=""006105481X""","=""9780061054815""",4,4.08,HarperPrism,Paperback,352,1995,1994,2016/05/09,2016/05/02,audiobooks,audiobooks (#5),read,,,,1,,,0,,,,,
4982,The Sirens of Titan,Kurt Vonnegut,"Vonnegut, Kurt",,"=""1857988841""","=""9781857988840""",4,4.16,Gollancz,Paperback,224,1999,1959,2016/07/15,2016/05/19,audiobooks,audiobooks (#4),read,,,,1,,,0,,,,,
23692271,Sapiens: A Brief History of Humankind,Yuval Noah Harari,"Harari, Yuval Noah",,"=""""","=""""",4,4.44,Harvill Secker,Paperback,498,2014,2011,2018/03/29,2018/01/26,audiobooks,audiobooks (#3),read,,,,1,,,0,,,,,
25215271,Ensam på Mars,Andy Weir,"Weir, Andy",John-Henri Holmberg,"=""9187441101""","=""9789187441103""",5,4.40,Bookmark Förlag,Hardcover,448,2015,2012,2018/07/06,2018/04/13,audiobooks,audiobooks (#2),read,,,,1,,,0,,,,,
18007564,The Martian,Andy Weir,"Weir, Andy",,"=""0804139024""","=""9780804139021""",5,4.40,Crown,Hardcover,369,2014,2012,2015/10/17,2015/10/09,sagil,sagil (#5),read,,,,1,,,0,,,,,
35133922,Educated,Tara Westover,"Westover, Tara",,"=""0399590501""","=""9780399590504""",5,4.48,Random House,Hardcover,334,2018,2018,2019/03/10,2019/02/15,audiobooks,audiobooks (#1),read,,,,1,,,0,,,,,
34928122,Artemis,Andy Weir,"Weir, Andy",,"=""0553448129""","=""9780553448122""",5,3.67,Crown,Hardcover,305,2017,2017,2018/01/10,2018/01/01,sagil,sagil (#3),read,,,,1,,,0,,,,,
7241373,For the Win,Cory Doctorow,"Doctorow, Cory",,"=""0765322161""","=""9780765322166""",5,3.79,Tor Books,Hardcover,477,2010,2010,2016/05/07,2016/03/29,sagil,sagil (#2),read,,,,1,,,0,,,,,
469066,Ronja rövardotter,Astrid Lindgren,"Lindgren, Astrid",,"=""9129548772""","=""9789129548778""",5,4.30,Rabén & Sjögren,Hardcover,235,1981,1981,,2015/10/09,sagil,sagil (#1),read,,,,1,,,0,,,,,
375802,"Ender's Game (Ender's Saga, #1)",Orson Scott Card,"Card, Orson Scott","Stefan Rudnicki, Harlan Ellison","=""0812550706""","=""9780812550702""",0,4.30,Macmillan Audio,Audiobook,324,2004,1985,,2019/03/10,to-read,to-read (#59),to-read,,,,0,,,0,,,,,
40338436,Possible Minds: 25 Ways of Looking at AI,John Brockman,"Brockman, John",,"=""0525557997""","=""9780525557999""",0,3.83,Penguin Press,Hardcover,320,2019,2019,,2019/03/09,to-read,to-read (#58),to-read,,,,0,,,0,,,,,
34921647,Built: The Hidden Stories Behind our Structures,Roma Agrawal,"Agrawal, Roma",,"=""1635570220""","=""9781635570229""",0,4.10,Bloomsbury USA,Hardcover,352,2018,2018,,2019/03/07,to-read,to-read (#57),to-read,,,,0,,,0,,,,,
35249256,Leadership from the Mission Control Room to the Boardroom: A Guide to Unleashing Team Performance,Paul Sean Hill,"Hill, Paul Sean",,"=""099863431X""","=""9780998634319""",0,4.40,Atlast Press,Paperback,360,2017,,,2019/02/24,to-read,to-read (#56),to-read,,,,0,,,0,,,,,
38714658,The Order of Time,Carlo Rovelli,"Rovelli, Carlo",,"=""""","=""""",0,4.07,Penguin,Kindle Edition,224,2018,2017,,2019/02/24,to-read,to-read (#55),to-read,,,,0,,,0,,,,,
22360333,The Mystery of Nils. Part 1 - Norwegian Course for Beginners. Learn Norwegian - Enjoy the Story.,Werner Skalla,"Skalla, Werner","Sonja Anderle, Daniela Skalla","=""3945174007""","=""9783945174005""",5,4.46,Skapago Kg,Paperback,230,2014,2014,2019/02/23,2019/02/23,,,read,,,,1,,,0,,,,,
29563602,A Social Revolution: Politics and the Welfare State in Iran,Kevan Harris,"Harris, Kevan",,"=""0520280822""","=""9780520280823""",0,4.42,University of California Press,Paperback,336,2017,,,2019/02/05,to-read,to-read (#54),to-read,,,,0,,,0,,,,,
254497,Consciousness: A Very Short Introduction,Susan Blackmore,"Blackmore, Susan",,"=""0192805851""","=""9780192805850""",0,3.83,Oxford University Press,Paperback,146,2005,2003,,2019/01/30,to-read,to-read (#53),to-read,,,,0,,,0,,,,,
33369254,The Manager's Path: A Guide for Tech Leaders Navigating Growth and Change,Camille Fournier,"Fournier, Camille",,"=""1491973897""","=""9781491973899""",0,4.33,O'Reilly Media,Paperback,226,2017,2017,,2019/01/30,to-read,to-read (#52),to-read,,,,0,,,0,,,,,
42730332,The Starless Sea,Erin Morgenstern,"Morgenstern, Erin",,"=""1910701459""","=""9781910701454""",0,4.30,Harvill Secker,Hardcover,512,2019,2019,,2019/01/26,to-read,to-read (#51),to-read,,,,0,,,0,,,,,
29974755,The Leader's Guide,Eric Ries,"Ries, Eric",,"=""""","=""8881458671234""",0,4.05,,ebook,367,2016,,,2019/01/14,to-read,to-read (#50),to-read,,,,0,,,0,,,,,
16033602,Lean Analytics: Use Data to Build a Better Startup Faster,Alistair Croll,"Croll, Alistair",Benjamin Yoskovitz,"=""1449335675""","=""9781449335670""",0,4.11,O'Reilly Media,Hardcover,440,2013,2013,,2019/01/14,to-read,to-read (#49),to-read,,,,0,,,0,,,,,
69242,Made to Stick: Why Some Ideas Survive and Others Die,Chip Heath,"Heath, Chip",Dan Heath,"=""1400064287""","=""9781400064281""",0,3.95,Random House,Hardcover,291,2007,2006,,2019/01/08,to-read,to-read (#48),to-read,,,,0,,,0,,,,,
7108725,Start with Why: How Great Leaders Inspire Everyone to Take Action,Simon Sinek,"Sinek, Simon",,"=""1591842808""","=""9781591842804""",0,4.07,Portfolio,Hardcover,256,2009,2009,,2019/01/08,to-read,to-read (#47),to-read,,,,0,,,0,,,,,
25733994,"The Productivity Project: Accomplishing More by Managing Your Time, Attention, and Energy",Chris   Bailey,"Bailey, Chris",,"=""1101904038""","=""9781101904039""",0,4.03,Crown Business,Hardcover,304,2016,2016,,2019/01/05,to-read,to-read (#46),to-read,,,,0,,,0,,,,,
17333428,"Without Their Permission: How the 21st Century Will Be Made, Not Managed",Alexis Ohanian,"Ohanian, Alexis",,"=""1455520020""","=""9781455520022""",0,3.71,Business Plus,Hardcover,272,2013,2013,,2019/01/03,to-read,to-read (#45),to-read,,,,0,,,0,,,,,
31685600,"We Are The Nerds: The Birth and Tumultuous Life of Reddit, the Internet's Culture Laboratory",Christine Lagorio-Chafkin,"Lagorio-Chafkin, Christine",,"=""0349416362""","=""9780349416366""",3,3.93,Hachette,Hardcover,256,2018,2018,2019/01/03,2018/12/09,,,read,,,,1,,,0,,,,,
12731973,Scrum Guide,Ken Schwaber,"Schwaber, Ken",Jeff Sutherland,"=""""","=""""",0,4.17,scrum.org,ebook,21,2010,2010,,2018/12/21,,,read,,,,1,,,0,,,,,
25814544,Sprint: How to Solve Big Problems and Test New Ideas in Just Five Days,Jake Knapp,"Knapp, Jake","John Zeratsky, Brad Kowitz","=""""","=""9781501121746""",4,4.23,Simon  Schuster,Hardcover,274,2016,2016,2018/12/03,2018/11/17,,,read,,,,1,,,0,,,,,
19311124,Why We Run,Robin Harvie,"Harvie, Robin",,"=""""","=""9781848545168""",0,3.18,John Murray,Kindle Edition,308,2011,2011,,2018/12/06,to-read,to-read (#44),to-read,,,,0,,,0,,,,,
39026990,How to Invent Everything: A Survival Guide for the Stranded Time Traveler,Ryan North,"North, Ryan",,"=""073522014X""","=""9780735220140""",0,4.15,Riverhead Books,Hardcover,437,2018,2018,,2018/12/05,to-read,to-read (#43),to-read,,,,0,,,0,,,,,
439867,دلتنگی‌های نقاش خیابان چهل و هشتم,J.D. Salinger,"Salinger, J.D.",احمد گلشیری,"=""9643111563""","=""9789643111564""",3,4.19,انتشارات ققنوس,Paperback,263,1999,1953,,2007/06/28,,,read,,,,1,,,0,,,,,
12811227,Vad jag pratar om när jag pratar om löpning,Haruki Murakami,"Murakami, Haruki","Eiko Duke, Yukiko Duke","=""9113034235""","=""9789113034232""",0,3.84,Norstedts,Paperback,217,2011,2007,2018/11/11,2018/07/30,,,read,,,,1,,,0,,,,,
265795,تيستو سبزانگشتی,Maurice Druon,"Druon, Maurice","موریس دروئون, لیلی گلستان","=""""","=""""",4,4.05,کانون پرورش فکری کودکان و  نوجوانان,Paperback,138,1975,1957,2003/01/01,2007/04/04,,,read,,,,1,,,0,,,,,
30741739,Machine Learning Yearning,Andrew Ng,"Ng, Andrew",,"=""""","=""""",0,4.27,,ebook,118,,,2018/09/03,2018/07/30,,,read,,,,1,,,0,,,,,
31850787,"Frankenstein: Annotated for Scientists, Engineers, and Creators of All Kinds",Mary Wollstonecraft Shelley,"Shelley, Mary Wollstonecraft","David H. Guston, Ed Finn, Jason Scott Robert, Josephine Johnston","=""0262533286""","=""9780262533287""",0,3.79,Mit Press,Paperback,320,2017,1818,,2018/03/03,to-read,to-read (#42),to-read,,,,0,,,0,,,,,
457264,The Second Sex,Simone de Beauvoir,"Beauvoir, Simone de","H.M. Parshley, Deirdre Bair","=""0679724516""","=""9780679724513""",0,4.13,Vintage,Paperback,746,1989,1949,,2018/01/23,to-read,to-read (#41),to-read,,,,0,,,0,,,,,
71726,Jonathan Livingston Seagull,Richard Bach,"Bach, Richard",Russell Munson,"=""0380007797""","=""9780380007790""",3,3.83,Avon Books,Hardcover,93,1973,1970,,2007/04/05,,,read,,,,1,,,0,,,,,
9778945,The Shallows: What the Internet Is Doing to Our Brains,Nicholas Carr,"Carr, Nicholas",,"=""0393339750""","=""9780393339758""",0,3.87,W. W. Norton  Company,Paperback,280,2011,2010,,2018/08/08,to-read,to-read (#40),to-read,,,,0,,,0,,,,,
11468377,"Thinking, Fast and Slow",Daniel Kahneman,"Kahneman, Daniel",,"=""0374275637""","=""9780374275631""",4,4.14,"Farrar, Straus and Giroux",Hardcover,499,2011,2011,,2016/12/28,,,read,,,,1,,,0,,,,,
34890015,Factfulness: Ten Reasons We're Wrong About the World – and Why Things Are Better Than You Think,Hans Rosling,"Rosling, Hans","Ola Rosling, Anna Rosling Rönnlund","=""1473637465""","=""9781473637467""",5,4.36,Sceptre,Hardcover,342,2018,2018,2018/07/29,2018/07/05,,,read,,,,1,,,0,,,,,
36849105,A Lab of One's Own: Science and Suffrage in the First World War,Patricia Fara,"Fara, Patricia",,"=""0198794983""","=""9780198794981""",0,3.58,"Oxford University Press, USA",Hardcover,304,2018,,,2018/04/19,to-read,to-read (#39),to-read,,,,0,,,0,,,,,
18050143,"Zero to One: Notes on Startups, or How to Build the Future",Peter Thiel,"Thiel, Peter",Blake  Masters,"=""0804139296""","=""9780804139298""",0,4.16,Crown Business,Hardcover,195,2014,2014,,2018/03/21,to-read,to-read (#38),to-read,,,,0,,,0,,,,,
18300196,Not in Your Genes: The Real Reasons Children Are Like Their Parents,Oliver James,"James, Oliver",,"=""0091947677""","=""9780091947675""",0,3.73,Random House UK,Paperback,352,2017,2014,,2018/03/16,to-read,to-read (#37),to-read,,,,0,,,0,,,,,
15798797,Mom & Me & Mom,Maya Angelou,"Angelou, Maya",,"=""1400066115""","=""9781400066117""",0,4.19,Random House,Hardcover,201,2013,2013,,2018/03/07,to-read,to-read (#36),to-read,,,,0,,,0,,,,,
20525628,How to Build a Girl,Caitlin Moran,"Moran, Caitlin",,"=""""","=""""",0,3.71,Harper,ebook,368,2014,2014,,2018/03/07,to-read,to-read (#35),to-read,,,,0,,,0,,,,,
17165889,The Perfect Theory: A Century of Geniuses and the Battle over General Relativity,Pedro G. Ferreira,"Ferreira, Pedro G.",,"=""0547554893""","=""9780547554891""",0,4.11,Houghton Mifflin Harcourt,Hardcover,304,2014,2014,,2018/02/16,to-read,to-read (#34),to-read,,,,0,,,0,,,,,
31170723,Behave: The Biology of Humans at Our Best and Worst,Robert M. Sapolsky,"Sapolsky, Robert M.",,"=""1594205078""","=""9781594205071""",0,4.42,Penguin Press,Hardcover,790,2017,2017,,2018/02/14,to-read,to-read (#33),to-read,,,,0,,,0,,,,,
134225,Disturbing the Universe,Freeman Dyson,"Dyson, Freeman",,"=""0465016774""","=""9780465016778""",0,4.19,Basic Books,Paperback,304,1981,1979,,2018/02/14,to-read,to-read (#32),to-read,,,,0,,,0,,,,,
29589,Eastern Standard Tribe,Cory Doctorow,"Doctorow, Cory",,"=""0765310457""","=""9780765310453""",4,3.48,Tor Books,Paperback,223,2005,2004,2016/07/23,2016/06/15,,,read,,,,2,,,0,,,,,
25555490,The Book of Tokyo: A City In Short Fiction,Michael Emmerich,"Emmerich, Michael","Banana Yoshimoto, Hiromi Kawakami, Hideo Furukawa, Nao-Cola Yamazaki, Kaori Ekuni, Mitsuyo Kakuta, Toshiyuki Horie, Hitomi Kanehara, Osamu Hashimoto, Masashi Matsuie","=""""","=""""",0,3.62,Comma Press,Kindle Edition,224,2015,2014,,2018/01/03,to-read,to-read (#31),to-read,,,,0,,,0,,,,,
1528050,Bad Science: The Short Life and Weird Times of Cold Fusion,Gary Taubes,"Taubes, Gary",,"=""0394584562""","=""9780394584560""",0,4.11,Random House,Hardcover,503,1993,1993,,2018/01/01,to-read,to-read (#30),to-read,,,,0,,,0,,,,,
30165203,"American Gods (American Gods, #1)",Neil Gaiman,"Gaiman, Neil",,"=""""","=""""",0,4.11,William Morrow,Kindle Edition,635,2011,2001,,2016/10/07,,,read,,,,1,,,0,,,,,
26166883,"The Three-Body Problem (Remembrance of Earth’s Past, #1)",Liu Cixin,"Cixin, Liu",Ken Liu,"=""178497157X""","=""9781784971571""",5,4.06,Head of Zeus,Paperback,434,2015,2008,2017/04/12,2016/11/19,,,read,,,,1,,,0,,,,,
416750,برج,J.G. Ballard,"Ballard, J.G.",علی‌اصغر بهرامی,"=""9643620174""","=""9789643620172""",4,3.61,نشر چشمه,Paperback,288,2008,1975,2009/07/03,2008/06/29,,,read,,,,1,,,0,,,,,
74034,Amusing Ourselves to Death: Public Discourse in the Age of Show Business,Neil Postman,"Postman, Neil",Andrew Postman,"=""014303653X""","=""9780143036531""",0,4.16,Penguin Books,Paperback,184,2005,1985,,2016/12/27,to-read,to-read (#29),to-read,,,,0,,,0,,,,,
8910666,Eloquent JavaScript: A Modern Introduction to Programming,Marijn Haverbeke,"Haverbeke, Marijn",,"=""1593272820""","=""9781593272821""",5,4.13,No Starch Press,Paperback,224,2011,2010,2016/11/07,2016/10/26,,,read,,,,1,,,0,,,,,
10210,Jane Eyre,Charlotte Brontë,"Brontë, Charlotte","Michael Mason, João Gaspar Rodrigues, حسین اعرابی, Mécia","=""0142437204""","=""9780142437209""",2,4.12,Penguin,Paperback,532,2003,1847,2016/10/31,2016/10/30,,,read,,,,1,,,0,,,,,
489283,The Wind-up Bird Chronicle,Haruki Murakami,"Murakami, Haruki",Jay Rubin,"=""186046470X""","=""9781860464706""",0,4.17,Harvill Press,Paperback,609,1998,1994,,2016/10/19,to-read,to-read (#28),to-read,,,,0,,,0,,,,,
19288239,Colorless Tsukuru Tazaki and His Years of Pilgrimage,Haruki Murakami,"Murakami, Haruki",Philip Gabriel,"=""0385352107""","=""9780385352109""",3,3.84,Knopf Publishing Group,Hardcover,386,2014,2013,2016/10/19,2016/10/14,,,read,,,,1,,,0,,,,,
954674,"Little Brother (Little Brother, #1)",Cory Doctorow,"Doctorow, Cory",,"=""0765319853""","=""9780765319852""",5,3.93,Tor Books,Hardcover,382,2008,2008,2016/09/25,2016/09/18,,,read,,,,1,,,0,,,,,
17470674,Fahrenheit 451,Ray Bradbury,"Bradbury, Ray",,"=""0007491565""","=""9780007491568""",5,3.98,Harper Voyager,Hardcover,227,2013,1953,2016/09/22,2016/09/01,,,read,,,,1,,,0,,,,,
20821275,Arrival of the Fittest: Solving Evolution's Greatest Puzzle,Andreas Wagner,"Wagner, Andreas",,"=""1591846463""","=""9781591846468""",0,3.86,Current,Hardcover,304,2014,2014,,2016/08/21,to-read,to-read (#27),to-read,,,,0,,,0,,,,,
28859,The Gospel According to Jesus Christ,José Saramago,"Saramago, José",Giovanni Pontiero,"=""186046095X""","=""9781860460951""",0,4.28,Harvill Press,Paperback,341,1999,1991,,2016/08/19,to-read,to-read (#26),to-read,,,,0,,,0,,,,,
1056172,The Emperor of Portugalia,Selma Lagerlöf,"Lagerlöf, Selma",,"=""1426477090""","=""9781426477096""",0,3.87,BiblioLife,Paperback,200,2007,1914,,2016/08/19,to-read,to-read (#25),to-read,,,,0,,,0,,,,,
1489339,دنیای سوفی: داستانی دربارۀ تاریخ فلسفه,Jostein Gaarder,"Gaarder, Jostein",حسن کامشاد,"=""9644480414""","=""9789644480416""",4,3.92,نیلوفر,Paperback,607,2005,1991,,2007/06/28,,,read,,,,1,,,0,,,,,
1814850,مدرسهٔ نیکولا کوچولو,René Goscinny,"Goscinny, René","Jean-Jacques Sempé, امیرحسین مهدی‌زاده","=""9643632687""","=""9789643632687""",5,4.15,انتشارات کیمیا,Paperback,145,2008,,,2011/09/30,,,read,,,,1,,,0,,,,,
65714,Kallocain,Karin Boye,"Boye, Karin","Gustaf Lannestock, Richard B. Vowles","=""0299038947""","=""9780299038946""",0,3.80,University of Wisconsin Press,Paperback,193,2002,1940,,2015/03/12,to-read,to-read (#11),to-read,,,,0,,,0,,,,,
17061,Coraline,Neil Gaiman,"Gaiman, Neil",Dave McKean,"=""0061139378""","=""9780061139376""",5,4.05,William Morrow Paperbacks,Paperback,162,2006,2002,2016/06/04,2016/06/04,,,read,,,,1,,,0,,,,,
104342,"Grass (Arbai, #1)",Sheri S. Tepper,"Tepper, Sheri S.",,"=""1857987985""","=""9781857987980""",0,4.05,Gollancz,Paperback,544,2002,1989,,2016/04/15,to-read,to-read (#24),to-read,,,,0,,,0,,,,,
326272,عقاید یک دلقک,Heinrich Böll,"Böll, Heinrich",محمد اسماعیل‌زاده,"=""9645571766""","=""""",4,4.01,نشر چشمه,Paperback,353,2011,1963,,2011/09/30,,,read,,,,1,,,0,,,,,
151848,Probability Theory: The Logic of Science,E.T. Jaynes,"Jaynes, E.T.",G. Larry Bretthorst,"=""0521592712""","=""9780521592710""",0,4.38,Cambridge University Press,Hardcover,753,2003,1999,,2016/03/29,to-read,to-read (#23),to-read,,,,0,,,0,,,,,
31921,Philosophy of Science: A Very Short Introduction,Samir Okasha,"Okasha, Samir",,"=""0192802836""","=""9780192802835""",0,3.93,"Oxford University Press, USA",Paperback,144,2002,2002,,2016/03/29,to-read,to-read (#22),to-read,,,,0,,,0,,,,,
61539,The Structure of Scientific Revolutions,Thomas S. Kuhn,"Kuhn, Thomas S.",,"=""0226458083""","=""9780226458083""",0,4.00,University of Chicago Press,Paperback,226,1996,1962,,2016/03/29,to-read,to-read (#21),to-read,,,,0,,,0,,,,,
61558,Objective Knowledge: An Evolutionary Approach,Karl Popper,"Popper, Karl",,"=""0198750242""","=""9780198750246""",0,4.13,"Oxford University Press, USA",Paperback,390,1972,1972,,2016/03/29,to-read,to-read (#20),to-read,,,,0,,,0,,,,,
29442,The Man Who Changed Everything: The Life of James Clerk Maxwell,Basil Mahon,"Mahon, Basil",,"=""0470861711""","=""9780470861714""",0,4.12,Wiley,Paperback,256,2004,2003,,2016/03/29,to-read,to-read (#19),to-read,,,,0,,,0,,,,,
16083181,The Last Night of the World,Ray Bradbury,"Bradbury, Ray",,"=""""","=""""",0,3.60,http://www.esquire.com/,ebook,6,2012,1951,,2016/03/23,to-read,to-read (#18),to-read,,,,0,,,0,,,,,
783285,Order Out of Chaos: Man's New Dialogue with Nature,Ilya Prigogine,"Prigogine, Ilya","Isabelle Stengers, Alvin Toffler","=""0553340824""","=""9780553340822""",0,4.02,Bantam Books,Paperback,349,1984,1984,,2016/02/04,to-read,to-read (#17),to-read,,,,0,,,0,,,,,
177068,The Fabric of Reality: The Science of Parallel Universes--and Its Implications,David Deutsch,"Deutsch, David",,"=""014027541X""","=""9780140275414""",0,4.10,Penguin Books,Paperback,400,1998,1996,,2016/01/05,to-read,to-read (#16),to-read,,,,0,,,0,,,,,
6101138,Wolf Hall (Thomas Cromwell #1),Hilary Mantel,"Mantel, Hilary",,"=""0007230206""","=""9780007230204""",0,3.86,HarperCollins Publishers Ltd,Paperback,653,2010,2009,,2015/12/30,to-read,to-read (#15),to-read,,,,0,,,0,,,,,
19006751,آپارتمان، دریا,احمدرضا احمدی,"احمدی, احمدرضا",,"=""""","=""9786005906899""",0,3.14,کتاب نشر نیکا,Paperback,208,2013,2013,,2015/12/30,to-read,to-read (#14),to-read,,,,0,,,0,,,,,
3198148,در حضر,Mahshid Amirshahi,"Amirshahi, Mahshid",,"=""9197724149""","=""9789197724142""",4,3.33,فردوسى,Paperback,592,2009,2008,,2015/12/30,,,read,,,,1,,,0,,,,,
16793,Stardust,Neil Gaiman,"Gaiman, Neil",,"=""0061142026""","=""9780061142024""",0,4.08,Harper Perennial,Paperback,248,2006,1998,,2015/12/30,to-read,to-read (#13),to-read,,,,0,,,0,,,,,
4081207,Escape From Leipzig,Harald Fritzsch,"Fritzsch, Harald",,"=""9812793062""","=""9789812793065""",0,3.79,World Scientific Publishing Company,Paperback,125,2008,2008,,2015/12/10,to-read,to-read (#12),to-read,,,,0,,,0,,,,,
19312,The Brothers Lionheart,Astrid Lindgren,"Lindgren, Astrid","Ilon Wikland, Jill M. Morgan","=""1930900244""","=""9781930900240""",5,4.36,Purple House Press,Hardcover,231,2004,1973,2015/10/09,2014/12/01,,,read,,,,1,,,0,,,,,
440020,بیگانه,Albert Camus,"Camus, Albert",امیرجلال‌الدین اعلم,"=""9644480570""","=""9789644480577""",5,3.97,نیلوفر,Paperback,144,1998,1942,,2011/09/30,,,read,,,,1,,,0,,,,,
2470431,صد سال تنهایی,Gabriel García Márquez,"Márquez, Gabriel García",محمدرضا راه‌ور,"=""9645564937""","=""""",3,4.06,شیرین,Paperback,496,2003,1967,,2007/06/28,,,read,,,,1,,,0,,,,,
138294,"Vater und Sohn, Bd. 3",Erich Ohser Plauen,"Plauen, Erich Ohser",,"=""3473520624""","=""9783473520626""",4,4.18,Ravensburger Buchverlag,Paperback,,1997,,,2007/06/28,,,read,,,,1,,,0,,,,,
9247917,"Mumiemysteriet (LasseMajas detektivbyrå, #5)",Martin Widmark,"Widmark, Martin",,"=""9163827816""","=""9789163827815""",4,3.60,Bonnier Carlsen ,Paperback,80,2004,2004,2014/10/29,2014/09/24,,,read,,,,1,,,0,,,,,
9249916,"Biblioteksmysteriet (LasseMajas detektivbyrå, #13)",Martin Widmark,"Widmark, Martin",,"=""""","=""9789163855832""",4,3.47,Bonnier Carlsen,Paperback,64,2007,2007,2014/09/24,2014/09/24,,,read,,,,1,,,0,,,,,
21535308,"City of Lies: Love, Sex, Death, and the Search for Truth in Tehran",Ramita Navai,"Navai, Ramita",,"=""1610395190""","=""9781610395199""",3,3.88,PublicAffairs,Hardcover,301,2014,2014,2014/09/18,2014/09/11,,,read,,,,1,,,0,,,,,
1179294,"Kepler's Somnium: The Dream, or Posthumous Work on Lunar Astronomy",Edward Rosen,"Rosen, Edward",Edward Rosen,"=""0486432823""","=""9780486432823""",0,3.56,Dover Publications,Paperback,288,2003,1634,,2014/09/11,to-read,to-read (#10),to-read,,,,0,,,0,,,,,
66795,"Timelike Infinity (Xeelee Sequence, #2)",Stephen Baxter,"Baxter, Stephen",,"=""000647618X""","=""9780006476184""",5,3.86,HarperCollins,Paperback,253,1997,1992,2014/05/28,2014/04/02,,,read,,,,1,,,0,,,,,
7260188,"Mockingjay (The Hunger Games, #3)",Suzanne Collins,"Collins, Suzanne",,"=""0439023513""","=""9780439023511""",2,4.03,Scholastic Press,Hardcover,390,2010,2010,2014/04/02,2014/02/27,,,read,,,,1,,,0,,,,,
6148028,"Catching Fire (The Hunger Games, #2)",Suzanne Collins,"Collins, Suzanne",,"=""0439023491""","=""9780439023498""",2,4.29,Scholastic Press,Hardcover,391,2009,2009,2014/02/27,2014/01/22,,,read,,,,1,,,0,,,,,
150065,فریدون سه پسر داشت,عباس معروفی,"معروفی, عباس",,"=""0076160066""","=""""",5,3.86,نشر دنا، رتردام,Paperback,161,2001,1997,,2007/04/12,,,read,,,,1,,,0,,,,,
46270,Suvashun,Simin Daneshvar,"Daneshvar, Simin",Joaquín Rodríguez Vargas,"=""8496501027""","=""9788496501027""",5,3.90,Cobre,Paperback,392,2006,1969,,2014/01/22,,,read,,,,1,,,0,,,,,
2767052,"The Hunger Games (The Hunger Games, #1)",Suzanne Collins,"Collins, Suzanne",,"=""0439023483""","=""9780439023481""",3,4.33,Scholastic Press,Hardcover,374,2008,2008,2014/01/22,2014/01/05,,,read,,,,1,,,0,,,,,
10314376,The Prague Cemetery,Umberto Eco,"Eco, Umberto",Richard Dixon,"=""0547577532""","=""9780547577531""",0,3.43,Houghton Mifflin Harcourt,Hardcover,445,2011,2010,,2014/01/17,to-read,to-read (#9),to-read,,,,0,,,0,,,,,
17181673,Hard-Boiled Wonderland and the End of the World,Haruki Murakami,"Murakami, Haruki",Alfred Birnbaum,"=""0099448785""","=""9780099448785""",5,4.15,Vintage,Paperback,400,2001,1985,2013/03/08,2013/02/18,,,read,,,,1,,,0,,,,,
1705934,ایران بین دو انقلاب,Ervand Abrahamian,"Abrahamian, Ervand","احمد گل‌محمدی, محمدابراهیم فتاحی","=""""","=""""",0,4.19,نشر نی,Hardcover,720,2007,1982,,2014/01/06,to-read,to-read (#8),to-read,,,,0,,,0,,,,,
161489,"The Hitchhiker's Guide to the Galaxy: The Trilogy of Four (Hitchhiker's Guide, #1-4)",Douglas Adams,"Adams, Douglas",,"=""0330492047""","=""9780330492041""",4,4.51,Picador,Paperback,784,2002,1986,2014/01/05,2013/03/16,,,read,,,,1,,,0,,,,,
1126719,House of Suns,Alastair Reynolds,"Reynolds, Alastair",,"=""0575099127""","=""9780575099128""",0,4.22,Gollancz,Paperback,512,2010,2008,,2013/11/07,to-read,to-read (#7),to-read,,,,0,,,0,,,,,
416775,زندگی در پیش رو,Romain Gary,"Gary, Romain",لیلی گلستان,"=""""","=""""",4,4.18,بازتاب نگار ,Paperback,222,2007,1975,,2007/04/06,,,read,,,,1,,,0,,,,,
1322301,دوستان نیكولا كوچولو,René Goscinny,"Goscinny, René","Jean-Jacques Sempé, امیرحسین مهدی‌زاده","=""9646641873""","=""""",5,4.24,(کتاب‌های كيميا (وابسته به انتشارات هرمس,Paperback,124,1999,1963,,2011/09/30,,,read,,,,1,,,0,,,,,
1322296,تعطيلات نيكولا كوچولو,René Goscinny,"Goscinny, René","Jean-Jacques Sempé, امیرحسین مهدی‌زاده","=""""","=""""",5,4.21,كيميا,Paperback,,2007,1961,,2011/09/30,,,read,,,,1,,,0,,,,,
10348751,روزینیا، قایق من,José Mauro de Vasconcelos,"Vasconcelos, José Mauro de",قاسم صنعوی,"=""""","=""""",4,3.95,,,,,1962,,2011/09/30,,,read,,,,1,,,0,,,,,
18134240,Kafka on the Shore,Haruki Murakami,"Murakami, Haruki",,"=""""","=""""",4,4.13,Vintage Digital,Kindle Edition,505,2011,2002,2013/09/15,2013/07/05,,,read,,,,1,,,0,,,,,
404575,The Origins of Knowledge and Imagination,Jacob Bronowski,"Bronowski, Jacob",S.E. Luria,"=""0300024096""","=""9780300024098""",0,4.18,Yale University Press,Paperback,268,1979,1978,,2013/08/18,to-read,to-read (#6),to-read,,,,0,,,0,,,,,
492556,بادبادک‌باز,Khaled Hosseini,"Hosseini, Khaled","زیبا گنجی, پریسا سلیمان‌زاده","=""9645881927""","=""9789645881922""",4,4.29,انتشارات مروارید,Paperback,422,2005,2003,,2009/07/10,,,read,,,,1,,,0,,,,,
3277912,آنی رویای سبز:جلد دوم,L.M. Montgomery,"Montgomery, L.M.",,"=""""","=""""",3,4.22,,,,2008,1909,,2011/09/30,,,read,,,,1,,,0,,,,,
349090,Infinity Welcomes Careful Drivers (Red Dwarf #1),Grant Naylor,"Naylor, Grant",,"=""0451452011""","=""9780451452016""",0,4.05,Roc,Mass Market Paperback,298,1992,1989,,2013/03/19,to-read,to-read (#5),to-read,,,,0,,,0,,,,,
179756,The Life of the Cosmos,Lee Smolin,"Smolin, Lee",,"=""0195126645""","=""9780195126648""",0,4.20,"Oxford University Press, USA",Paperback,368,1999,1997,,2013/03/03,to-read,to-read (#4),to-read,,,,0,,,0,,,,,
187104,The Road to Reality: A Complete Guide to the Laws of the Universe,Roger Penrose,"Penrose, Roger",,"=""0099440687""","=""9780099440680""",0,4.10,Vintage,Paperback,1136,2006,2004,,2013/03/03,to-read,to-read (#3),to-read,,,,0,,,0,,,,,
6329013,On the Origin of Species,Charles Darwin,"Darwin, Charles",,"=""0554267381""","=""9780554267388""",0,3.98,BiblioLife,Hardcover,616,2008,1859,,2013/02/23,to-read,to-read (#2),to-read,,,,0,,,0,,,,,
6117055,The Greatest Show on Earth: The Evidence for Evolution,Richard Dawkins,"Dawkins, Richard",,"=""059306173X""","=""9780593061732""",0,4.16,Bantam Press,Hardcover,470,2009,2009,,2013/02/23,to-read,to-read (#1),to-read,,,,0,,,0,,,,,
180506,If the Universe Is Teeming with Aliens ... Where Is Everybody?: Fifty Solutions to the Fermi Paradox and the Problem of Extraterrestrial Life,Stephen  Webb,"Webb, Stephen",,"=""0387955011""","=""9780387955018""",4,4.19,Copernicus Books,Hardcover,288,2002,2002,2013/01/17,2012/10/31,,,read,,,,1,,,0,,,,,
8294628,تماماً مخصوص,عباس معروفی,"معروفی, عباس",,"=""""","=""""",1,3.75,نشر گردون,Paperback,422,2010,2009,,2012/10/31,,,read,,,,1,,,0,,,,,
78728,Ignorance,Milan Kundera,"Kundera, Milan",Linda Asher,"=""0060002107""","=""9780060002107""",4,3.78,Harper Perennial,Paperback,195,2003,2000,,2012/10/31,,,read,,,,1,,,0,,,,,
117047,The Blind Watchmaker: Why the Evidence of Evolution Reveals a Universe Without Design,Richard Dawkins,"Dawkins, Richard",,"=""0141026162""","=""9780141026169""",5,4.09,Penguin,Paperback,466,2006,1986,2012/10/31,2011/09/30,,,read,,,,1,,,0,,,,,
2195464,What I Talk About When I Talk About Running,Haruki Murakami,"Murakami, Haruki",Philip Gabriel,"=""0307269191""","=""9780307269195""",5,3.84,Knopf Publishing Group,Hardcover,188,2008,2007,,2012/10/31,,,read,,,,1,,,0,,,,,
11297,Norwegian Wood,Haruki Murakami,"Murakami, Haruki",Jay Rubin,"=""0375704027""","=""9780375704024""",4,4.03,Vintage Books,Paperback,296,2000,1987,,2012/10/31,,,read,,,,1,,,0,,,,,
1322312,زنگ تفریح نیكولا كوچولو,René Goscinny,"Goscinny, René","Jean-Jacques Sempé, امیرحسین مهدی‌زاده","=""9646641393""","=""9789646641396""",5,4.25,(کتاب‌های كيميا (وابسته به انتشارات هرمس,Paperback,124,1999,1961,,2011/09/30,,,read,,,,1,,,0,,,,,
4005,The Fifth Mountain,Paulo Coelho,"Coelho, Paulo",Clifford E. Landers,"=""0722536542""","=""9780722536544""",2,3.62,HarperCollins,Paperback,245,2000,1996,,2007/07/15,,,read,,,,1,,,0,,,,,
30125,The Missing Piece Meets the Big O,Shel Silverstein,"Silverstein, Shel",,"=""0060256575""","=""9780060256579""",5,4.34,HarperCollins,Hardcover,104,2006,1981,,2007/04/12,,,read,,,,1,,,0,,,,,
968,"The Da Vinci Code (Robert Langdon, #2)",Dan Brown,"Brown, Dan",,"=""0307277674""","=""9780307277671""",4,3.83,Anchor,Paperback,489,2006,2003,,2007/04/06,,,read,,,,1,,,0,,,,,
1934,Little Women,Louisa May Alcott,"Alcott, Louisa May",,"=""0451529308""","=""9780451529305""",3,4.06,Signet Classics,Paperback,449,2004,1869,,2011/09/30,,,read,,,,1,,,0,,,,,
930,Memoirs of a Geisha,Arthur Golden,"Golden, Arthur",,"=""0739326228""","=""9780739326220""",2,4.10,Random House Large Print Publishing,Hardcover,434,2005,1997,,2011/09/30,,,read,,,,1,,,0,,,,,
2865,Girl with a Pearl Earring,Tracy Chevalier,"Chevalier, Tracy",,"=""0452287022""","=""9780452287020""",2,3.87,Plume/Penguin,Paperback,233,2005,2000,,2011/09/30,,,read,,,,1,,,0,,,,,
105999,"Dear Mr. Henshaw (Leigh Botts, #1)",Beverly Cleary,"Cleary, Beverly",Paul O. Zelinsky,"=""0380709589""","=""9780380709588""",3,3.73,HarperTrophy,Paperback,134,2000,1983,,2011/09/30,,,read,,,,1,,,0,,,,,
662768,خداحافظ گاری کوپر,Romain Gary,"Gary, Romain",سروش حبیبی,"=""9644481429""","=""9789644481420""",4,3.93,انتشارات نیلوفر,Paperback,288,2004,1964,,2011/09/30,,,read,,,,1,,,0,,,,,
348582,فراتر از بودن و موتسارت و باران,Christian Bobin,"Bobin, Christian",نگار صدقی,"=""9647049056""","=""9789647049054""",3,3.67,ماه ریز,Paperback,134,2001,1996,,2011/09/30,,,read,,,,1,,,0,,,,,
297566,"Harry Potter and the Prisoner of Azkaban (Harry Potter, #3)",J.K. Rowling,"Rowling, J.K.",,"=""0747560773""","=""9780747560777""",3,4.56,Bloomsbury Publishing PLC,Hardcover,320,2002,1999,,2011/09/30,,,read,,,,1,,,0,,,,,
350222,دزیره,Annemarie Selinko,"Selinko, Annemarie",مهدی علوی,"=""""","=""9789647196406""",2,4.07,دبیر، آریابان,Hardcover,720,2007,1951,,2007/04/06,,,read,,,,1,,,0,,,,,
518723,ده فرمان,Krzysztof Kieślowski,"Kieślowski, Krzysztof",عرفان ثابتی,"=""9647049358""","=""9789647049207""",4,4.05,ماه‌ریز,Hardcover,446,2005,1990,,2011/09/30,,,read,,,,1,,,0,,,,,
440214,زندگی از نو,Christian Bobin,"Bobin, Christian",ساسان تبسمی,"=""""","=""9789647425193""",3,3.35,باغ نو,Paperback,200,2005,2001,,2011/09/30,,,read,,,,1,,,0,,,,,
567288,نامه‌های عاشقانه‌ی یک پیامبر,Kahlil Gibran,"Gibran, Kahlil","Arash Hejazi, Paulo Coelho","=""9647033001""","=""9789647033008""",3,3.67,انتشارات کاروان,Hardcover,168,2008,1972,,2011/09/30,,,read,,,,1,,,0,,,,,
440447,داستان‌های کوتاه امریکای لاتین,Roberto González Echevarría,"Echevarría, Roberto González","عبدالله کوثری, Inca Garcilaso de la Vega, Catalina de Erauso, Esteban Echeverría, Ricardo Palma, Machado de Assis, Horacio Quiroga, Lima Barreto, Rómulo Gallegos, Enrique Amorim, Alejo Carpentier, María Luisa Bombal, Miguel Ángel Asturias, Mário de Andrade, Juan Bosch, João Guimarães Rosa, Juan Carlos Onetti, Juan Rulfo, Juan José Arreola, Augusto Roa Bastos, Mario Benedetti, José Donoso, Carlos Fuentes, Mario Vargas Llosa, Cristina Peri Rossi, Rosario Ferré, Ramón Pané, Bartolomé de las Casas, Juana Manuela Gorriti, João do Rio, Rafael Arévalo Martínez, Rubén Darío, Luisa Mercedes Levinson, Hector A. Murena, Julio Cortázar, Rosario Castellanos, José Balza, Reinaldo Arenas","=""9643129497""","=""9789641852940""",4,3.73,نشر نی,Hardcover,584,2007,1996,,2011/09/30,,,read,,,,1,,,0,,,,,
502958,يك عاشقانه ارام,Nader Ebrahimi,"Ebrahimi, Nader",,"=""""","=""""",1,3.61,,,240,2007,1997,,2011/09/30,,,read,,,,1,,,0,,,,,
1418816,قصه‌های من و بابام - کتاب اول - بابای خوب من,Erich Ohser Plauen,"Plauen, Erich Ohser",ایرج جهانشاهی,"=""""","=""""",5,4.37,واژه,paperback,108,1991,1949,,2011/09/30,,,read,,,,1,,,0,,,,,
136251,"Harry Potter and the Deathly Hallows (Harry Potter, #7)",J.K. Rowling,"Rowling, J.K.",,"=""0545010225""","=""9780545010221""",3,4.61,Arthur A. Levine Books / Scholastic Inc.,Hardcover,759,2007,2007,,2011/09/30,,,read,,,,1,,,0,,,,,
1418826,قصه‌های من و بابام - کتاب دوم - شوخی‌ها و مهربانی‌ها,Erich Ohser Plauen,"Plauen, Erich Ohser",ایرج جهانشاهی,"=""""","=""""",5,4.33,واژه,paperback,108,1991,1964,,2011/09/30,,,read,,,,1,,,0,,,,,
1290733,انجمن شاعران مرده,N.H. Kleinbaum,"Kleinbaum, N.H.",حمید خادمی,"=""9646358012""","=""9789646358012""",4,4.22,کتاب پنجره و دفتر نشر معانی,Paperback,207,2006,1988,,2011/09/30,,,read,,,,1,,,0,,,,,
1924542,هنر سیر و سفر,Alain de Botton,"Botton, Alain de",گلی امامی,"=""""","=""9789644482892""",4,3.82,نیلوفر,Paperback,286,2006,2002,,2011/09/30,,,read,,,,1,,,0,,,,,
839130,مسیح بازمصلوب,Nikos Kazantzakis,"Kazantzakis, Nikos","محمد قاضی, نیکوس کازانتزاکیس","=""9644870298""","=""""",5,4.28,خوارزمی,Paperback,634,2005,1948,,2011/09/30,,,read,,,,1,,,0,,,,,
1288308,مثل آب برای شکلات,Laura Esquivel,"Esquivel, Laura",مریم بیات,"=""964551276X""","=""9789645512765""",5,3.95,انتشارات روشنگران و مطالعات زنان,Paperback,238,2004,1989,,2011/09/30,,,read,,,,1,,,0,,,,,
3281941,کافه پیانو,Farhad Jafari,"Jafari, Farhad",,"=""""","=""9789640411438""",2,2.91,نشرِ چشمه,Paperback,266,2013,2007,,2011/09/30,,,read,,,,1,,,0,,,,,
41865,"Twilight (Twilight, #1)",Stephenie Meyer,"Meyer, Stephenie",,"=""0316015849""","=""9780316015844""",2,3.59,"Little, Brown and Company",Paperback,501,2006,2005,,2011/09/30,,,read,,,,1,,,0,,,,,
3277913,آنی رویای سبز:جلد سوم,L.M. Montgomery,"Montgomery, L.M.",,"=""""","=""""",3,4.23,,,,2008,1915,,2011/09/30,,,read,,,,1,,,0,,,,,
3277920,آنی رویای سبز:جلد چهارم,L.M. Montgomery,"Montgomery, L.M.",,"=""""","=""""",3,4.06,,,,2008,1936,,2011/09/30,,,read,,,,1,,,0,,,,,
1228823,زندگی جنگ و دیگر هیچ,Oriana Fallaci,"Fallaci, Oriana",لیلی گلستان,"=""""","=""""",4,4.20,امیرکبیر,,429,1975,1969,,2011/09/30,,,read,,,,1,,,0,,,,,
383428,تو را دوست دارم چون نان و نمک,Nâzım Hikmet Ran,"Ran, Nâzım Hikmet",احمد پوری,"=""9646194931""","=""9789646194931""",0,3.59,نشر چشمه,Paperback,123,1998,,,2011/09/30,,,read,,,,1,,,0,,,,,
346607,زمستان,مهدی اخوان ثالث,"ثالث, مهدی اخوان",,"=""""","=""""",4,4.16,مروارید,Paperback,190,1978,1956,,2011/09/30,,,read,,,,1,,,0,,,,,
1618,The Curious Incident of the Dog in the Night-Time,Mark Haddon,"Haddon, Mark",,"=""1400032717""","=""9781400032716""",3,3.87,Vintage,Paperback,226,2004,2003,2011/09/04,2011/09/29,,,read,,,,1,,,0,,,,,
650377,ناتور دشت,J.D. Salinger,"Salinger, J.D.",محمد نجفی,"=""9646900992""","=""9789646900998""",4,3.80,نیلا,Paperback,208,1998,1951,,2007/06/28,,,read,,,,1,,,0,,,,,
739902,پیامبر و دیوانه,Kahlil Gibran,"Gibran, Kahlil",نجف دریابندری,"=""""","=""""",2,3.42,نشر کارنامه ,Hardcover,199,2002,2002,,2007/06/28,,,read,,,,1,,,0,,,,,
751091,Vladimir Majakovskij - Lili Brik,Bengt Jangfeldt,"Jangfeldt, Bengt",,"=""""","=""""",3,3.92,,,,2007,2007,,2007/05/23,,,read,,,,1,,,0,,,,,
175986,Nicholas on Vacation,René Goscinny,"Goscinny, René",Jean-Jacques Sempé,"=""0714846783""","=""9780714846781""",4,4.21,Phaidon Press,Hardcover,132,2006,1961,,2007/06/28,,,read,,,,1,,,0,,,,,
41893,¿Quién quiere un rinonceronte barato?,Shel Silverstein,"Silverstein, Shel",Néstor Busquets,"=""1400001641""","=""9781400001644""",3,3.96,Plaza y Janes,Hardcover,60,2002,1964,,2007/07/15,,,read,,,,1,,,0,,,,,
53809,Maktub,Paulo Coelho,"Coelho, Paulo",,"=""8408057235""","=""9788408057239""",1,3.41,Planeta Pub Corp,Paperback,192,2005,1994,,2007/07/15,,,read,,,,1,,,0,,,,,
265264,One,Richard Bach,"Bach, Richard",,"=""0330311735""","=""9780330311731""",2,3.95,Pan Books,Mass Market Paperback,320,2001,1988,,2007/07/15,,,read,,,,1,,,0,,,,,
25403,The Orange Girl,Jostein Gaarder,"Gaarder, Jostein",James Anderson,"=""0753819929""","=""9780753819920""",4,3.91,Phoenix,Paperback,151,2005,2003,,2007/07/15,,,read,,,,1,,,0,,,,,
309749,Mathematical Methods for Physicists,George B. Arfken,"Arfken, George B.",Hans J. Weber,"=""0120598760""","=""9780120598762""",0,4.03,Academic Press,Hardcover,1182,2005,1970,,2007/04/06,,,read,,,,1,,,0,,,,,
357020,Little Red Riding Hood,Candice Ransom,"Ransom, Candice","Tammie Speer Lyon, Charles Perrault","=""1577681983""","=""9781577681984""",4,3.92,Brighter Child,Paperback,32,2002,2001,,2007/06/28,,,read,,,,1,,,0,,,,,
381553,ارمیا ,Reza Amirkhani,"Amirkhani, Reza",,"=""""","=""""",4,3.22,,,,2007,1990,,2007/06/28,,,read,,,,1,,,0,,,,,
634660,قصه‌های خوب برای بچه‌های خوب --- ۴,مهدی آذریزدی,"آذریزدی, مهدی",مرتضی ممیز,"=""""","=""""",4,3.78,,Paperback,152,1985,1964,,2007/06/28,,,read,,,,1,,,0,,,,,
497318,کيمياگر,Paulo Coelho,"Coelho, Paulo",Arash Hejazi,"=""9647033206""","=""9789647033206""",3,3.86,کاروان,Paperback,256,,1988,,2007/06/28,,,read,,,,1,,,0,,,,,
634667,قصه‌های خوب برای بچه‌های خوب --- ۶,مهدی آذریزدی,"آذریزدی, مهدی",فرشید مثقالی,"=""""","=""""",4,3.78,,,,1986,1968,,2007/06/28,,,read,,,,1,,,0,,,,,
703894,ورونیکا تصمیم می‌گیرد بمیرد,Paulo Coelho,"Coelho, Paulo",Arash Hejazi,"=""""","=""9789647230742""",2,3.70,ثالث,Paperback,288,2016,1998,,2007/06/28,,,read,,,,1,,,0,,,,,
613679,افسانه‌های آذربایجان,Samad Behrangi,"Behrangi, Samad",بهروز تبریزی,"=""""","=""""",3,3.88,,Paperback,327,1978,1975,,2007/06/28,,,read,,,,1,,,0,,,,,
646931,جک و لوبیای سحرآمیز,Anonymous,"Anonymous, Anonymous",Richard Leduc,"=""""","=""""",0,3.39,,,,2007,,,2007/06/28,,,read,,,,1,,,0,,,,,
465651,تا رهایی ...,حمید مصدق,"مصدق, حمید",,"=""9646339859""","=""""",3,3.76,انتشارات زریاب,Hardcover,533,2009,1990,,2007/06/28,,,read,,,,1,,,0,,,,,
518473,مدیر مدرسه,Jalal Al-e Ahmad,"Ahmad, Jalal Al-e",,"=""9643201627""","=""9789643201627""",4,3.44,انتشارات فردوس,Paperback,128,,1958,,2007/06/28,,,read,,,,1,,,0,,,,,
265858,پدر، مادر، ما متهمیم,Ali Shariati,"Shariati, Ali",,"=""""","=""""",0,3.66,انتشارات شبدیز,Paperback,140,2007,2003,,2007/06/28,,,read,,,,1,,,0,,,,,
265786,قصه‌‌ی دخترای ننه‌ دریا,احمد شاملو,"شاملو, احمد",,"=""""","=""""",4,4.04,,Paperback,42,1978,1978,,2007/06/28,,,read,,,,1,,,0,,,,,
144832,سه کتاب,Zoya Pirzad,"Pirzad, Zoya",,"=""""","=""9789643058555""",3,3.38,نشر مرکز,Paperback,319,2009,2001,,2007/06/28,,,read,,,,1,,,0,,,,,
439827,غیرمنتظره,Christian Bobin,"Bobin, Christian",نگار صدقی,"=""9649214704""","=""""",3,3.46,ماه‌ریز,Paperback,106,1999,1994,,2007/05/23,,,read,,,,1,,,0,,,,,
66610,سگ ولگرد,Sadegh Hedayat,"Hedayat, Sadegh",,"=""9649364471""","=""""",4,3.78,,Paperback,,2000,1959,,2007/05/23,,,read,,,,1,,,0,,,,,
79450,بار دیگر شهری که دوست می‌داشتم,Nader Ebrahimi,"Ebrahimi, Nader",,"=""9645529343""","=""9789645529344""",3,3.70,انتشارات روزبهان,Paperback,111,1998,1966,,2007/04/26,,,read,,,,1,,,0,,,,,
70700,Lady L,Romain Gary,"Gary, Romain",,"=""0785926313""","=""9780785926313""",5,3.58,,,185,,1957,2007/04/01,2007/04/12,,,read,,,,1,,,0,,,,,
7130,The Count of Monte Cristo,Alexandre Dumas,"Dumas, Alexandre",,"=""0142000736""","=""9780142000731""",4,4.24,Penguin Books,Paperback,528,2001,1844,,2007/04/13,,,read,,,,1,,,0,,,,,
24310,Anne of Green Gables,L.M. Montgomery,"Montgomery, L.M.","Franklin Watts, Anne Mazer","=""0531169804""","=""9780531169803""",3,4.25,Children's Press(CT),Hardcover,271,2006,1908,,2007/04/13,,,read,,,,1,,,0,,,,,
3636,"The Giver (The Giver, #1)",Lois Lowry,"Lowry, Lois",,"=""0385732554""","=""9780385732550""",4,4.13,Ember,Paperback,208,2006,1993,,2007/04/13,,,read,,,,1,,,0,,,,,
54479,"Around the World in Eighty Days (Extraordinary Voyages, #11)",Jules Verne,"Verne, Jules","Michael Glencross, Brian W. Aldiss","=""014044906X""","=""9780140449068""",3,3.92,Penguin Books,Paperback,252,2004,1872,,2007/04/12,,,read,,,,1,,,0,,,,,
167669,Physics and Beyond: Encounters & Conversations,Werner Heisenberg,"Heisenberg, Werner",Arnold J. Pomerans,"=""0061316229""","=""9780061316227""",5,4.33,HarperCollins Publishers,Paperback,265,1972,1969,,2007/04/12,,,read,,,,1,,,0,,,,,
18373,Flowers for Algernon,Daniel Keyes,"Keyes, Daniel",,"=""0156030306""","=""9780156030304""",3,4.12,Harvest Books,Paperback,311,2005,1966,,2007/04/12,,,read,,,,1,,,0,,,,,
41888,A Giraffe and a Half,Shel Silverstein,"Silverstein, Shel",,"=""0590471643""","=""9780590471640""",3,4.11,,Hardcover,48,1993,1978,,2007/04/12,,,read,,,,1,,,0,,,,,
181077,Sadako and the Thousand Paper Cranes,Eleanor Coerr,"Coerr, Eleanor",Ronald Himler,"=""""","=""9780698118027""",4,4.11,Puffin,Paperback,80,1999,1977,,2007/04/12,,,read,,,,1,,,0,,,,,
9717,The Unbearable Lightness of Being,Milan Kundera,"Kundera, Milan",Michael Henry Heim,"=""0571224385""","=""9780571224388""",4,4.09,Harper Perennial,Paperback,320,2009,1984,,2007/04/06,,,read,,,,1,,,0,,,,,
79429,Letter to a Child Never Born,Oriana Fallaci,"Fallaci, Oriana",مهین ایران‌پرست,"=""0671451626""","=""9780671451622""",4,3.91,Pocket,Hardcover,128,1982,1975,,2007/04/12,,,read,,,,1,,,0,,,,,
465364,اولدوز و عروسک سخنگو,Samad Behrangi,"Behrangi, Samad",,"=""9645858720""","=""""",3,3.76,جامه‌دران,,72,2006,1967,,2007/04/06,,,read,,,,1,,,0,,,,,
30128,"Lafcadio, the Lion Who Shot Back",Shel Silverstein,"Silverstein, Shel",,"=""0060256753""","=""9780060256753""",4,4.15,HarperCollins,Hardcover,112,2013,1963,,2007/04/06,,,read,,,,1,,,0,,,,,
235772,Love In The Time Of Cholera,Gabriel García Márquez,"Márquez, Gabriel García",,"=""0141023473""","=""9780141023472""",4,3.91,Penguim,Paperback,424,2006,1985,,2007/04/06,,,read,,,,1,,,0,,,,,
4008,"The Devil and Miss Prym (On the Seventh Day, #3)",Paulo Coelho,"Coelho, Paulo","Amanda Hopkinson, Nick Caistor","=""0060527994""","=""9780060527990""",3,3.60,HarperOne,Hardcover,205,2006,2000,,2007/04/06,,,read,,,,1,,,0,,,,,
440111,میرا,Christopher Frank,"Frank, Christopher",لیلی گلستان,"=""9648223092""","=""9789648223095""",5,3.88,بازتاب نگار,Paperback,91,2005,1972,,2007/04/06,,,read,,,,1,,,0,,,,,
67464,چشمهایش,Bozorg Alavi,"Alavi, Bozorg",,"=""9646736599""","=""""",2,3.64,نگاه,Paperback,271,2007,1952,,2007/04/06,,,read,,,,1,,,0,,,,,
79448,عادت می‌کنیم,Zoya Pirzad,"Pirzad, Zoya",,"=""9643057984""","=""9789643057985""",2,3.17,نشرِ مرکز,Paperback,266,2004,2004,,2007/04/06,,,read,,,,1,,,0,,,,,
58275,چراغ‌ها را من خاموش می‌کنم,Zoya Pirzad,"Pirzad, Zoya",,"=""""","=""9789643056568""",3,3.55,نشر مرکز,Paperback,293,2008,2002,,2007/04/06,,,read,,,,1,,,0,,,,,
1428,By the River Piedra I Sat Down and Wept,Paulo Coelho,"Coelho, Paulo",Alan R. Clarke,"=""0061122092""","=""9780061122095""",3,3.57,HarperOne,Paperback,208,2006,1994,,2007/04/06,,,read,,,,1,,,0,,,,,
7613,Animal Farm,George Orwell,"Orwell, George",,"=""0452284244""","=""9780452284241""",4,3.92,NAL,Paperback,122,2003,1945,,2007/04/06,,,read,,,,1,,,0,,,,,
10959,Sophie's World,Jostein Gaarder,"Gaarder, Jostein",Paulette Møller,"=""1857993284""","=""9781857993288""",4,3.92,Phoenix,Paperback,403,1995,1991,,2007/04/06,,,read,,,,1,,,0,,,,,
148683,عطر سنبل عطر کاج,Firoozeh Dumas,"Dumas, Firoozeh",محمد سلیمانی‌نیا,"=""""","=""9789645776624""",4,3.80,قصه,Paperback,192,2006,2003,,2007/04/06,,,read,,,,1,,,0,,,,,
41890,Who Wants a Cheap Rhinoceros?,Shel Silverstein,"Silverstein, Shel",,"=""0689851138""","=""9780689851131""",3,3.96,Simon  Schuster Books for Young Readers,Hardcover,64,2002,1964,,2007/04/06,,,read,,,,1,,,0,,,,,
8844,The Little Prince,Antoine de Saint-Exupéry,"Saint-Exupéry, Antoine de",,"=""0152048049""","=""9780152048044""",5,4.30,HMH Books for Young Readers,Hardcover,96,2003,1943,,2007/04/06,,,read,,,,1,,,0,,,,,
30136,The Giving Tree,Shel Silverstein,"Silverstein, Shel",,"=""0865164991""","=""9780865164994""",4,4.37,Bolchazy-Carducci Publishers,Hardcover,72,2002,1964,,2007/04/06,,,read,,,,1,,,0,,,,,
67243,"Dear Enemy (Daddy-Long-Legs, #2)",Jean Webster,"Webster, Jean",,"=""1428045961""","=""9781428045965""",1,3.89,IndyPublish.com,Paperback,350,2006,1915,,2007/04/06,,,read,,,,1,,,0,,,,,
67242,Daddy-Long-Legs,Jean Webster,"Webster, Jean",,"=""1846375908""","=""9781846375903""",4,4.13,Echo Library,Paperback,80,2006,1912,,2007/04/06,,,read,,,,1,,,0,,,,,
230131,خرمگس,Ethel Lilian Voynich,"Voynich, Ethel Lilian","خسرو همایون‌پور, J.M. Gaffney","=""9640005514""","=""9789640005514""",4,4.17,امیرکبیر,Paperback,423,2008,1897,,2007/04/06,,,read,,,,1,,,0,,,,,
442530,آتش بدون دود,Nader Ebrahimi,"Ebrahimi, Nader",Nader Ebrahimi,"=""""","=""""",4,4.26,,Hardcover,,2007,1982,,2007/04/06,,,read,,,,1,,,0,,,,,
197616,امپراتور سیب زمینی چهارم,محمدهادی محمدی / Mohammad Hadi Mohammadi,"Mohammadi, محمدهادی محمدی / Mohammad Hadi",,"=""0094679400""","=""""",2,2.92,نشر چیستا,,,1382,1382,,2007/04/05,,,read,,,,1,,,0,,,,,
186190,"Forrest Gump (Forrest Gump, #1)",Winston Groom,"Groom, Winston",,"=""0743453255""","=""9780743453257""",3,4.06,Washington Square Press,Paperback,248,2002,1986,,2007/04/04,,,read,,,,1,,,0,,,,,
1431,Veronika Decides to Die,Paulo Coelho,"Coelho, Paulo",Margaret Jull Costa,"=""0061124265""","=""9780061124266""",3,3.70,Harper Perennial,Paperback,210,2006,1998,2000/01/01,2007/04/04,,,read,,,,1,,,0,,,,,
192510,درخت زیبای من,José Mauro de Vasconcelos,"Vasconcelos, José Mauro de",قاسم صنعوی,"=""964913980X""","=""""",4,4.40,راه مانا,Hardcover,256,2011,1968,2000/01/01,2007/04/04,,,read,,,,1,,,0,,,,,
8737,The Last Temptation of Christ,Nikos Kazantzakis,"Kazantzakis, Nikos",Peter A. Bien,"=""068485256X""","=""9780684852560""",5,4.16,Simon  Schuster,Paperback,506,1998,1951,2002/01/01,2007/04/04,,,read,,,,1,,,0,,,,,
68591,Brida,Paulo Coelho,"Coelho, Paulo",Montserrat Mira,"=""9504915248""","=""9789504915249""",4,3.47,Planeta,Paperback,264,2006,1990,2000/01/01,2007/04/04,,,read,,,,1,,,0,,,,,
